t_s,brightness,contrast,sharpness,blockiness,persons,heads,head_h_median,head_h_p10
0.0,115.26103057484568,58.484590554019,2573.866649961342,1.1080067157745361,19,33,44.17913818359375,29.474964141845703
5.0,115.10008535879629,58.55909295457425,2489.900471743359,1.0475214719772339,32,37,44.12457275390625,30.678918838500977
10.0,115.26641059027777,58.1984749336164,2411.9772284583564,1.1104539632797241,22,32,45.613616943359375,30.44083595275879
15.0,115.3383699845679,58.44326930956176,2465.1860230534826,1.057176113128662,23,34,43.11729431152344,33.83831024169922
20.0,115.5106925154321,58.46688683482493,2505.6274864539873,1.0799891948699951,31,38,41.119171142578125,30.64021873474121
25.0,115.37577208719136,58.609520725419124,2496.8408919553403,1.0500911474227905,23,43,43.703704833984375,33.42121505737305
30.0,114.9083241705247,58.57456836035331,2499.4729909517073,1.098995327949524,19,30,44.823944091796875,33.9513053894043
35.0,114.78772762345679,58.41653086717355,2470.668696285879,1.0350821018218994,23,38,44.810386657714844,28.42461585998535
40.0,114.73154851466049,58.47745836498512,2512.227709894847,1.0721718072891235,23,37,46.4915771484375,32.76165008544922
45.0,115.89911988811728,58.898958866129234,2096.4685714660973,1.1006742715835571,30,32,44.572540283203125,29.649829864501953
50.0,117.35933497299382,58.368190290027776,2390.338009791788,1.1589410305023193,28,29,43.75189208984375,34.184417724609375
55.0,117.55593315972222,58.11561506068171,2358.497474057681,1.0824594497680664,24,36,45.55828857421875,32.7593994140625
60.0,117.56303385416666,58.71934226451329,2531.3914111567556,1.135738730430603,32,45,38.71490478515625,29.419445037841797
65.0,117.39508969907408,58.13686490147698,2487.7326103516457,1.0545661449432373,31,41,40.385009765625,30.535675048828125
70.0,116.23942804783951,58.10190147056636,2519.073384648396,1.1030832529067993,24,32,42.490447998046875,29.15768814086914
75.0,116.10691936728395,57.49793240177283,2165.750016617428,1.1000245809555054,29,33,48.76116943359375,36.686790466308594
80.0,114.86116560570987,57.89969555666889,2116.6358315847556,1.1903983354568481,25,29,39.38763427734375,30.333599090576172
85.0,117.31855806327161,58.126782756115816,1819.300166856375,1.1133180856704712,29,30,43.779144287109375,31.06723403930664
90.0,114.09403597608025,58.926644247880105,2202.45552449988,1.1658700704574585,31,37,42.95269775390625,32.046974182128906
95.0,115.41916425540123,58.72426708665509,2191.797307803519,1.0855636596679688,35,38,41.50909423828125,30.83734130859375
100.0,115.15227430555555,59.136613652650446,2302.4921193277873,1.1230744123458862,34,32,48.416656494140625,34.40864944458008
105.0,115.16741608796296,59.19586634731908,2113.988727379815,1.097723126411438,44,48,39.543365478515625,31.920488357543945
110.0,114.0776880787037,59.28172330032205,2265.9468654199804,1.1349445581436157,35,41,38.80078125,29.957427978515625
115.0,116.65928771219136,58.97941963355139,2161.8514908262277,1.1024852991104126,36,43,45.0120849609375,35.131309509277344
120.0,117.13704812885803,58.721827909543144,1981.0244120946895,1.195404291152954,37,45,45.194091796875,34.74481201171875
125.0,115.52840615354938,58.32004092432133,2092.825845612545,1.0792213678359985,28,36,42.783966064453125,32.985992431640625
130.0,116.18586226851852,58.67817821424553,2265.4809241544162,1.1159671545028687,25,39,42.91021728515625,34.77374267578125
135.0,115.95620804398148,57.92301379249429,2110.354273671585,1.0895819664001465,31,42,42.47300720214844,32.581512451171875
140.0,115.90268470293209,58.63793263608495,2266.317744964948,1.1308504343032837,37,47,41.81195068359375,32.73451614379883
145.0,115.10877604166667,58.648715090591615,2159.2473138773794,1.0943399667739868,31,36,42.6573486328125,34.75286865234375
150.0,114.89933738425925,59.022104965520676,2342.194039169081,1.1407769918441772,29,39,38.23480224609375,29.60357666015625
155.0,115.15022087191358,58.95485890863072,2294.0548436706813,1.0679174661636353,33,43,41.93280029296875,30.064123153686523
160.0,115.03532166280864,58.27853959265112,2345.2396983128842,1.114475131034851,26,45,38.31573486328125,29.747167587280273
165.0,114.70496383101852,59.28912634987178,2275.452935883774,1.076319932937622,22,36,38.241668701171875,30.637710571289062
170.0,115.68463541666667,59.01733945485234,2341.9639004081046,1.1516218185424805,23,43,38.876953125,30.052770614624023
175.0,115.76039689429012,59.39281637485617,2243.8453406362005,1.0796681642532349,30,41,40.3040771484375,29.77606201171875
180.0,116.5225564236111,59.48469098919207,2314.502536156138,1.1140754222869873,40,47,37.34637451171875,26.689416885375977
185.0,115.49487316743827,59.69084511462369,2323.8393480557597,1.0603033304214478,36,45,40.8621826171875,28.925867080688477
190.0,116.79683015046297,59.28188607224868,2331.5609477940857,1.1131376028060913,31,42,40.41636657714844,29.46088218688965
195.0,116.74674672067901,59.4589509292613,2423.996616395131,1.0584231615066528,28,35,37.1630859375,28.10883140563965
200.0,116.66334924768519,59.091422356161026,2404.0324352975767,1.1078143119812012,31,43,42.05181884765625,28.108631134033203
205.0,115.21150896990741,59.51157544584017,2184.298189815819,1.087459921836853,30,44,41.507171630859375,31.713903427124023
210.0,115.08391059027778,59.34241082087643,2326.744177594293,1.1421557664871216,29,41,42.77838134765625,31.778228759765625
215.0,114.00389949845679,59.074914449377914,2199.7613965533956,1.0821858644485474,23,41,43.11474609375,30.411346435546875
220.0,115.72230275848766,59.32563161106226,2309.6484941077815,1.0782121419906616,29,40,40.939552307128906,32.133453369140625
225.0,116.25620466820988,59.033902105373436,2275.795978972313,1.0669071674346924,25,36,43.17401123046875,30.950408935546875
230.0,116.52522955246914,59.0615183964201,2366.9792520325927,1.1113505363464355,29,39,45.330322265625,35.601104736328125
235.0,115.61736545138889,59.07218633782272,2182.4333594222117,1.0821654796600342,33,48,42.8983154296875,32.186344146728516
240.0,113.68903838734568,59.35953132176544,2324.865711030633,1.1077767610549927,28,42,42.811973571777344,32.204132080078125
245.0,114.2124430941358,59.08661530898935,2292.664280546206,1.0781123638153076,29,47,39.893463134765625,31.100940704345703
250.0,113.4222227044753,59.13950229052234,2333.1027944315247,1.1151759624481201,26,42,42.9180908203125,32.553890228271484
255.0,115.48059558256173,59.349805088276604,2421.836805270445,1.0394210815429688,31,42,43.653167724609375,33.28104019165039
260.0,113.99668016975309,59.07665622182914,2298.013467487088,1.157359004020691,30,40,42.87437438964844,32.19409942626953
265.0,116.17528067129629,58.5548993716225,2262.3248699638875,1.0784231424331665,22,37,42.92979431152344,30.619958877563477
270.0,116.27272810570987,59.01947995331568,2346.9449858545604,1.1141347885131836,23,37,42.36705017089844,32.65056228637695
275.0,114.00947145061728,59.014103603973446,2161.6737191345965,1.0911602973937988,27,36,38.47361755371094,29.0189208984375
280.0,114.01019917052469,58.95607490315948,2271.585541727543,1.1480088233947754,23,36,44.495849609375,30.3204345703125
285.0,115.94624758873456,59.419666401434455,2344.3803285679946,1.060878038406372,23,35,40.6915283203125,30.481822967529297
290.0,115.8304123263889,59.42073070903366,2314.0366231513485,1.1574636697769165,22,37,39.907562255859375,28.433460235595703
295.0,114.92364535108025,59.53103538750075,2256.78478348296,1.0737756490707397,25,37,40.16033935546875,29.247106552124023
300.0,115.39237316743827,59.45028124082393,2347.2603499028714,1.122145652770996,24,33,41.2716064453125,30.615345001220703
305.0,116.46071807484567,59.29471871248486,2355.809978692213,1.0734531879425049,22,38,41.44940185546875,31.644451141357422
310.0,116.16064332561729,59.24131095331454,2336.0675862172284,1.1217061281204224,25,38,42.105873107910156,30.14358139038086
315.0,115.96064139660494,59.291853371669546,2348.8741284991916,1.0792747735977173,23,34,38.887298583984375,27.45321273803711
320.0,116.17596257716049,59.343458465397866,2367.418225928128,1.0867762565612793,24,31,40.45806884765625,31.6790771484375
325.0,115.02611545138889,58.57180668853114,1893.4714494420004,1.1172477006912231,20,27,46.5498046875,36.3370246887207
330.0,113.16790171682099,59.03090734420403,1730.0573129068257,1.261146068572998,29,37,49.5413818359375,34.55192947387695
335.0,111.03439911265433,61.151728540627566,1439.5046649553544,1.1267694234848022,45,39,52.30682373046875,37.01145553588867
340.0,113.03901186342593,61.05226047756924,1689.2442379469092,1.2310701608657837,32,40,56.82966613769531,41.174781799316406
345.0,110.16135995370371,59.20882439297159,1337.846493833676,1.1388583183288574,26,30,63.193634033203125,40.8131103515625
350.0,111.3802305169753,61.94941358202463,1758.477532081878,1.2175601720809937,27,29,53.093170166015625,38.788658142089844
355.0,110.21266493055556,59.84071033763042,1337.673951178796,1.1300485134124756,35,37,55.79315185546875,38.81074142456055
360.0,112.7161328125,59.78576178703527,1828.2829685914778,1.2042186260223389,25,30,57.18109130859375,36.81714630126953
365.0,115.00042872299383,59.48334706160914,1707.4111208199377,1.1151151657104492,23,31,51.277496337890625,41.1064453125
370.0,114.77242862654322,59.111909549131255,2020.8007768584075,1.1627154350280762,24,26,59.34809875488281,42.484588623046875
375.0,114.85413194444445,57.336324779122656,1517.3696682238394,1.1244442462921143,27,28,49.331451416015625,37.17304611206055
380.0,114.37725019290123,57.68368042074817,1709.8935411217687,1.1917085647583008,28,30,53.703094482421875,38.263450622558594
385.0,116.2096132330247,58.89464540772354,1398.9059707483352,1.1240921020507812,30,29,54.163055419921875,41.32316970825195
390.0,116.83009645061729,56.31185741016701,1748.721043109405,1.1781337261199951,19,21,52.76129150390625,43.2733154296875
395.0,115.14918258101852,56.686999407875504,1422.5347642593135,1.1259791851043701,19,20,54.09466552734375,40.15230178833008
400.0,114.99416570216049,57.05883737644057,1530.246563367922,1.1930530071258545,21,20,52.154296875,42.65369415283203
405.0,116.4642578125,57.046653052586755,1383.9389233003221,1.0987316370010376,13,17,51.793670654296875,46.823875427246094
410.0,119.14491512345678,54.51110138655714,1790.3026428124585,1.1300277709960938,13,16,50.43470764160156,38.49897766113281
415.0,117.96375771604939,54.31786611105011,1603.7531796247886,1.0863806009292603,9,10,55.117767333984375,41.663883209228516
420.0,121.54485387731482,53.436893109802476,1681.0170775105587,1.1483736038208008,10,10,77.96635437011719,46.02505111694336
425.0,119.90272858796297,52.127863501600906,1839.6403869880805,1.0581680536270142,7,8,81.36213684082031,52.12505340576172
430.0,117.13310570987655,52.05794812737679,1835.1622682240725,1.1083488464355469,7,8,84.74679565429688,52.38356399536133
435.0,120.6269888117284,53.12637403269451,1706.8432295843288,1.067002296447754,9,8,82.69967651367188,45.82292938232422
440.0,119.31028211805555,52.93454843852645,1836.6367197133666,1.088451862335205,8,7,79.61773681640625,50.983558654785156
445.0,118.0497231867284,52.45439517456467,1899.7738124423222,1.0332576036453247,7,7,85.12966918945312,73.5135498046875
450.0,117.12152922453704,53.155488179916745,1851.3707912577543,1.1115028858184814,8,7,82.38043212890625,60.89179611206055
455.0,119.44951919367284,52.76634968478509,1675.7012080322077,1.0692692995071411,10,10,73.09840393066406,48.37685775756836
460.0,121.73232397762345,51.419232438968116,1850.705075747935,1.0884941816329956,8,8,56.55574035644531,41.10163879394531
465.0,121.90703317901234,50.77241142088076,1850.8673732201846,1.040218710899353,6,6,67.66378021240234,51.2918701171875
470.0,118.50181037808642,51.094453501612044,1885.928426324074,1.0811691284179688,10,7,66.2969970703125,40.804908752441406
475.0,119.56067756558642,51.079679908930274,1788.439244065373,1.058146595954895,6,6,74.92789459228516,53.14448547363281
480.0,119.97852237654321,50.48681280782691,1794.100607026394,1.0790534019470215,5,6,66.85391235351562,27.604660034179688
485.0,118.69706452546296,52.3007848353373,1500.1825839413955,1.0744602680206299,10,7,87.95919799804688,54.69111251831055
490.0,120.87504388503086,51.66926208640333,1751.6068815366204,1.0697191953659058,7,5,79.69390869140625,46.404693603515625
495.0,119.62378954475308,51.44178577497144,1566.5656739878007,1.0701338052749634,6,6,81.76276397705078,56.75486755371094
500.0,119.66265625,52.66805205160321,1855.0211034103443,1.0834792852401733,7,6,76.73103332519531,51.027191162109375
505.0,122.130390625,51.57803939639689,1862.3800186864696,1.0424880981445312,8,6,70.46215057373047,32.87255859375
510.0,120.43457272376543,51.04891332477462,1771.4113981035227,1.0821694135665894,8,9,69.69168090820312,27.74652099609375
515.0,120.96869405864197,50.9104024423683,1841.2711611866557,1.0541783571243286,3,5,76.32183837890625,70.7411117553711
520.0,119.96190972222222,51.45881485697211,1907.6094691224948,1.077060341835022,7,9,85.99786376953125,26.900409698486328
525.0,116.63881365740741,52.382546955643384,1688.9939148032104,1.0591356754302979,6,10,73.1976547241211,63.85091018676758
530.0,121.02736207561729,51.96245373305938,1844.095650900505,1.117734670639038,6,6,78.32913970947266,69.64984130859375
535.0,119.22238329475309,52.381430837986095,1753.1591891739504,1.0788123607635498,5,6,84.78652954101562,68.09188842773438
540.0,120.2291160300926,51.82938028795827,1801.8297469397003,1.090884804725647,8,9,71.16412353515625,46.49408721923828
545.0,121.32988956404321,52.3341740000279,1726.1160815941055,1.088573932647705,6,7,78.40330505371094,58.9816780090332
550.0,115.47144000771605,53.555082249864995,1653.3268554741805,1.1740331649780273,7,7,86.635986328125,73.6796646118164
555.0,118.94628038194445,55.10124017735932,1677.4434376833042,1.078195333480835,8,8,89.82952880859375,70.89445495605469
560.0,116.88508005401235,54.219493314214496,1790.177416440856,1.090349555015564,9,7,88.658203125,59.097434997558594
565.0,117.4312215470679,54.12290758653023,1743.7569247248084,1.085776925086975,7,7,75.8232421875,62.942283630371094
570.0,120.92483989197531,51.64702824646532,1974.11354306654,1.0891985893249512,4,6,85.47601318359375,60.27525329589844
575.0,120.43884066358025,51.944810696555635,1871.4507695764528,1.0761525630950928,5,7,77.15130615234375,46.6257209777832
580.0,118.24252266589507,52.766627264917226,1983.4203519599084,1.0821328163146973,8,9,74.77532958984375,46.017059326171875
585.0,119.23044222608024,52.46028489062553,1966.262712137774,1.0495647192001343,6,8,81.1593017578125,49.091758728027344
590.0,119.97338734567901,51.904147282422386,1970.7839899556645,1.0839436054229736,7,8,75.90425872802734,44.185508728027344
595.0,120.10690875771606,51.91445638866093,2042.0251454207053,1.0399338006973267,6,9,79.27679443359375,47.80986404418945
600.0,118.37410011574075,52.41626546347378,1924.3195459814733,1.1231602430343628,9,7,78.75613403320312,58.467041015625
605.0,119.70306423611112,52.464067532045796,1712.8961906714242,1.0771771669387817,10,8,78.12171936035156,51.245243072509766
610.0,120.55344955632717,52.12477872296512,1943.0867508647475,1.0864191055297852,8,7,80.01873779296875,50.88043212890625
615.0,120.50924382716049,52.06245012268408,1890.093099170824,1.059646487236023,6,9,83.65228271484375,60.11865234375
620.0,118.92790605709877,52.84475260868937,1964.5758815172253,1.0856871604919434,6,8,83.7103271484375,54.016563415527344
625.0,119.19293209876543,52.467403253203585,1883.0868803021212,1.0552643537521362,9,8,86.9461669921875,54.30371856689453
630.0,121.96534143518518,51.450400878502165,1917.7483541386014,1.0881041288375854,5,6,70.24118041992188,55.776397705078125
635.0,119.68817901234569,51.31341078199881,1967.6257229793,1.0421022176742554,5,7,72.90298461914062,59.135887145996094
640.0,121.3377131558642,51.04574182312791,1956.5703803890212,1.0760612487792969,6,7,74.19305419921875,55.34402084350586
645.0,119.71367332175926,51.513006994564606,1896.0069224621595,1.046298861503601,6,7,75.498779296875,65.2512435913086
650.0,119.6725602816358,51.005548872385205,1799.894537493502,1.1208746433258057,7,5,68.4378662109375,57.633323669433594
655.0,119.11817611882717,51.62818731633004,1969.688574655066,1.041545033454895,8,8,69.0963134765625,55.96144485473633
660.0,117.98554494598766,52.18074066674225,1900.5000323719732,1.081431269645691,9,7,68.87411499023438,50.6369743347168
665.0,117.04653356481481,51.97724968577509,1852.5867269179942,1.0612027645111084,10,9,72.15957641601562,56.30132293701172
670.0,119.49300202546296,51.931181556824995,1872.4134527509527,1.0914920568466187,7,6,74.38604736328125,64.60496520996094
675.0,119.67228732638888,52.07559079252426,1920.9814363988223,1.0458663702011108,10,8,73.05532836914062,62.44110870361328
680.0,120.1125250771605,51.28075261238677,1851.1225752746275,1.0959339141845703,10,8,80.6326904296875,53.3505973815918
685.0,121.65360821759259,51.16119938897314,1592.7574652259802,1.1042299270629883,9,7,62.1881103515625,45.58916091918945
690.0,123.15965567129629,49.095700727221214,1890.3443228335525,1.0788400173187256,4,3,66.02490234375,62.478660583496094
695.0,125.2002628279321,48.61679185486074,1979.2133405704635,1.0103774070739746,5,4,55.99882507324219,51.42394256591797
700.0,124.64569926697531,47.807830387268154,1923.760688026786,1.0550127029418945,4,4,52.383636474609375,34.64459991455078
705.0,123.8012924382716,47.74377361347021,2044.441254153756,1.006701111793518,2,2,51.74757385253906,50.915653228759766
710.0,124.48670910493827,47.09144935633426,1945.315491690957,1.039069414138794,4,4,45.872169494628906,32.50172805786133
715.0,125.15576533564816,46.84600554704159,2094.5456344433405,0.994766116142273,3,3,50.62774658203125,33.047569274902344
720.0,125.40789014274691,46.59648306826702,1912.1628836383563,1.0409435033798218,3,3,50.821563720703125,33.62891387939453
725.0,124.77523726851852,46.57407962154665,2080.0559490856804,0.9992802143096924,3,3,53.50982666015625,33.8421745300293
730.0,123.35418161651235,46.287384045746414,1948.391845383171,1.035886287689209,4,3,45.325927734375,31.731884002685547
735.0,123.27676263503086,46.563936386762066,2099.4496886438887,0.9906870126724243,2,2,51.910400390625,45.11748123168945
740.0,122.83864583333333,46.917006412191995,1912.7467363825062,1.043340802192688,1,1,56.516693115234375,56.516693115234375
745.0,123.59949315200618,46.83477200605996,2051.0381833338097,0.9902540445327759,1,1,60.0908203125,60.0908203125
750.0,123.7928872492284,46.52617246657505,1891.6223798585424,1.0223758220672607,2,1,61.1348876953125,61.1348876953125
755.0,124.38871334876544,46.16818902427576,2057.0269727437553,0.9846606850624084,1,1,57.69488525390625,57.69488525390625
760.0,125.44896363811728,45.72120389033672,1886.7546255854852,1.0259939432144165,1,1,63.07635498046875,63.07635498046875
765.0,123.93948977623457,45.86168487352756,2081.9515308438795,0.982876181602478,0,1,53.423126220703125,53.423126220703125
770.0,123.79118055555556,45.61367435908715,1909.5824487684008,1.0213934183120728,0,1,61.78729248046875,61.78729248046875
775.0,123.76725646219136,45.83217852612954,2066.502994496227,0.9866162538528442,1,1,63.41693115234375,63.41693115234375
780.0,123.83568238811728,45.64400522283116,1900.2667102538978,1.0270310640335083,1,1,63.0538330078125,63.0538330078125
785.0,123.77462673611112,45.88279029568548,2062.1545104737647,0.9850256443023682,1,1,65.25714111328125,65.25714111328125
790.0,123.72580295138889,45.61120834915859,1887.2558966275624,1.0265398025512695,1,1,63.608734130859375,63.608734130859375
795.0,123.6848900462963,45.89034342310183,2056.229523716284,0.985423743724823,2,1,60.4544677734375,60.4544677734375
800.0,123.59591724537037,45.672814275541306,1875.4872701305105,1.0277577638626099,1,1,61.14715576171875,61.14715576171875
805.0,123.625234375,45.938346030181194,2045.227768180839,0.9860166907310486,2,1,62.71783447265625,62.71783447265625
810.0,123.63899353780864,45.67060322239769,1868.5139912268553,1.023691177368164,1,1,53.9981689453125,53.9981689453125
815.0,123.69026668595679,45.92749319260787,2038.7300093337171,0.9813012480735779,2,1,62.2437744140625,62.2437744140625
820.0,123.73257089120371,45.6748208168623,1854.9958070251696,1.0221271514892578,2,1,61.05926513671875,61.05926513671875
825.0,123.70509741512346,45.90703394770705,2031.8095287823692,0.9790372252464294,1,1,47.94413757324219,47.94413757324219
830.0,123.77681327160494,45.683139765835094,1858.4525711816123,1.0252231359481812,2,1,62.35087585449219,62.35087585449219
835.0,123.66688753858024,45.89309641786582,2033.8767657793878,0.9880236983299255,2,1,50.50762939453125,50.50762939453125
840.0,123.76260464891975,45.621949722851774,1855.528085040457,1.0251344442367554,0,0,,
845.0,123.77249807098765,45.9288053123206,2034.8121886949011,0.977812647819519,2,0,,
850.0,123.80894193672839,45.65036738240175,1851.0368780004617,1.0238683223724365,2,0,,
855.0,123.80372395833334,45.90653938005797,2027.125562120713,0.9803838133811951,3,0,,
860.0,123.9842042824074,45.673845917764446,1860.6875576641987,1.0399917364120483,3,0,,
865.0,123.71908179012345,45.85165480699259,2030.069654029174,0.9839040040969849,3,1,61.3487548828125,61.3487548828125
870.0,123.84916714891975,45.66289984433852,1858.0342129609533,1.024307370185852,0,0,,
875.0,123.6810513117284,45.884108997153305,2031.1226429909418,0.9888914823532104,2,0,,
880.0,124.10146797839506,45.689585157929386,1853.0193640404973,1.0217663049697876,5,0,,
885.0,124.1786434220679,45.98272117664838,2026.9579863900994,0.977672278881073,5,0,,
890.0,124.22702498070987,45.72366460059463,1856.2573676688141,1.0209869146347046,3,0,,
895.0,123.76746190200618,45.9244186843131,2043.0283750448762,0.9874857068061829,0,1,50.59442138671875,50.59442138671875
900.0,123.87511574074074,45.627897781159746,1863.2891200177748,1.0245141983032227,1,1,49.64042663574219,49.64042663574219
905.0,123.76554205246913,45.85948855518747,2038.2619905624176,0.9933205246925354,1,1,61.14201354980469,61.14201354980469
