model,band,n,mae,rmse,bias,part
yolo11l_1280,all,182,418.3,549.05,-418.3,A
yolo11l_1280,50-200,43,124.67,131.83,-124.67,A
yolo11l_1280,>=500,46,913.09,983.33,-913.09,A
yolo11l_1280,200-500,93,309.33,321.94,-309.33,A
yolo11l_tiled640,all,182,421.68,550.42,-421.68,A
yolo11l_tiled640,50-200,43,132.44,138.79,-132.44,A
yolo11l_tiled640,>=500,46,913.65,983.73,-913.65,A
yolo11l_tiled640,200-500,93,312.06,324.54,-312.06,A
phd_heads,all,182,374.24,519.49,-374.09,A
phd_heads,50-200,43,76.63,90.96,-76.02,A
phd_heads,>=500,46,867.78,944.0,-867.78,A
phd_heads,200-500,93,267.72,289.0,-267.72,A
phd_persons,all,182,377.12,518.45,-377.03,A
phd_persons,50-200,43,82.4,98.33,-82.02,A
phd_persons,>=500,46,858.59,937.39,-858.59,A
phd_persons,200-500,93,275.24,294.84,-275.24,A
clipebc_window,all,182,66.95,115.0,23.48,A
clipebc_window,50-200,43,15.89,21.18,6.65,A
clipebc_window,>=500,46,156.13,206.11,38.62,A
clipebc_window,200-500,93,46.45,68.27,23.77,A
clipebc_whole,all,182,66.0,114.18,23.65,A
clipebc_whole,50-200,43,16.6,21.32,4.83,A
clipebc_whole,>=500,46,153.17,204.88,42.54,A
clipebc_whole,200-500,93,45.73,67.38,23.01,A
yolo11l_1280,all,316,92.76,132.38,-92.05,B
yolo11l_1280,<50,60,8.95,10.65,-5.22,B
yolo11l_1280,50-200,206,75.7,88.68,-75.7,B
yolo11l_1280,>=500,3,488.0,488.18,-488.0,B
yolo11l_1280,200-500,47,249.26,260.77,-249.26,B
yolo11l_tiled640,all,316,95.37,135.25,-94.34,B
yolo11l_tiled640,<50,60,9.3,10.89,-3.83,B
yolo11l_tiled640,50-200,206,78.41,91.75,-78.41,B
yolo11l_tiled640,>=500,3,491.33,491.45,-491.33,B
yolo11l_tiled640,200-500,47,254.32,265.56,-254.32,B
phd_heads,all,316,70.2,108.15,-70.13,B
phd_heads,<50,60,6.93,9.37,-6.57,B
phd_heads,50-200,206,52.27,65.03,-52.27,B
phd_heads,>=500,3,431.67,432.73,-431.67,B
phd_heads,200-500,47,206.51,219.17,-206.51,B
phd_persons,all,316,58.77,96.13,-56.96,B
phd_persons,<50,60,6.2,8.04,0.23,B
phd_persons,50-200,206,40.51,52.24,-39.61,B
phd_persons,>=500,3,414.0,414.84,-414.0,B
phd_persons,200-500,47,183.21,197.73,-183.21,B
clipebc_window,all,316,11.66,20.38,-10.63,B
clipebc_window,<50,60,1.95,2.47,-0.94,B
clipebc_window,50-200,206,8.74,12.54,-7.55,B
clipebc_window,>=500,3,88.47,91.66,-88.47,B
clipebc_window,200-500,47,31.96,39.49,-31.54,B
clipebc_whole,all,316,11.98,20.68,-11.08,B
clipebc_whole,<50,60,2.16,2.68,-1.21,B
clipebc_whole,50-200,206,9.04,12.91,-8.02,B
clipebc_whole,>=500,3,88.55,91.74,-88.55,B
clipebc_whole,200-500,47,32.49,39.97,-32.12,B
