dataset,run,n_zones,note,fps,unit,header_note,duration_s,persons,max_density,p99_density,zone_s_ge2,zone_s_ge4,zone_s_ge5,max_pressure,median_speed,glitch_share,sec
julich_bottleneck1,080_20,0,no fully walkable cell,,,,,,,,,,,,,,
julich_bottleneck1,080_40,0,no fully walkable cell,,,,,,,,,,,,,,
julich_bottleneck1,080_60,0,no fully walkable cell,,,,,,,,,,,,,,
julich_bottleneck1,090_20,0,no fully walkable cell,,,,,,,,,,,,,,
julich_bottleneck1,090_40,0,no fully walkable cell,,,,,,,,,,,,,,
julich_bottleneck1,090_60,0,no fully walkable cell,,,,,,,,,,,,,,
julich_bottleneck1,100_20,0,no fully walkable cell,,,,,,,,,,,,,,
julich_bottleneck1,100_40,0,no fully walkable cell,,,,,,,,,,,,,,
julich_bottleneck1,100_60,0,no fully walkable cell,,,,,,,,,,,,,,
julich_bottleneck1,110_20,0,no fully walkable cell,,,,,,,,,,,,,,
julich_bottleneck1,110_40,0,no fully walkable cell,,,,,,,,,,,,,,
julich_bottleneck1,110_60,0,no fully walkable cell,,,,,,,,,,,,,,
julich_bottleneck1,120_20,0,no fully walkable cell,,,,,,,,,,,,,,
julich_bottleneck1,120_40,0,no fully walkable cell,,,,,,,,,,,,,,
julich_bottleneck1,120_60,0,no fully walkable cell,,,,,,,,,,,,,,
julich_bottleneck2,b090,2,,25.0,cm,,115.0,170.0,3.8,3.69,145.0,0.0,0.0,0.235,0.25,0.0,2.3
julich_bottleneck2,b100,2,,25.0,cm,,103.0,178.0,3.8,3.5,140.0,0.0,0.0,0.3,0.27,0.0,0.3
julich_bottleneck2,b110,2,,25.0,cm,,97.0,179.0,3.6,3.5,129.0,0.0,0.0,0.247,0.28,0.0,0.3
julich_bottleneck2,b120,2,,25.0,cm,,84.0,178.0,4.65,4.45,127.0,16.0,0.0,0.296,0.27,0.0,0.3
julich_bottleneck2,b140,2,,25.0,cm,,72.0,176.0,3.6,3.53,103.0,0.0,0.0,0.25,0.31,0.0,0.3
julich_bottleneck2,b160,2,,25.0,cm,,72.0,178.0,4.0,3.75,94.0,1.0,0.0,0.308,0.34,0.0,0.2
julich_bottleneck2,b180,2,,25.0,cm,,57.0,176.0,3.75,3.69,74.0,0.0,0.0,0.266,0.39,0.0,0.2
julich_bottleneck2,b200,2,,25.0,cm,,60.0,178.0,3.85,3.73,80.0,0.0,0.0,0.315,0.36,0.0,0.2
julich_bottleneck2,b220,2,,25.0,cm,,53.0,177.0,3.75,3.74,69.0,0.0,0.0,0.322,0.42,0.0,0.2
julich_bottleneck2,b250,2,,25.0,cm,,43.0,176.0,3.55,3.47,58.0,0.0,0.0,0.267,0.5,0.0,0.3
julich_bottleneck2,l0,2,,25.0,cm,,72.0,178.0,4.75,4.53,91.0,8.0,0.0,0.284,0.32,0.0,0.3
julich_bottleneck2,l2,2,,25.0,cm,,85.0,178.0,4.0,3.92,122.0,1.0,0.0,0.254,0.29,0.0,0.3
julich_bottleneck2,l4,2,,25.0,cm,,87.0,178.0,4.3,4.13,120.0,3.0,0.0,0.382,0.29,0.0,0.3
julich_corridor_uni_2009,ug-100-007,0,no fully walkable cell,,,,,,,,,,,,,,
julich_corridor_uni_2009,ug-100-015,0,no fully walkable cell,,,,,,,,,,,,,,
julich_corridor_uni_2009,ug-100-030,0,no fully walkable cell,,,,,,,,,,,,,,
julich_corridor_uni_2009,ug-100-045,0,no fully walkable cell,,,,,,,,,,,,,,
julich_corridor_uni_2009,ug-100-060,0,no fully walkable cell,,,,,,,,,,,,,,
julich_corridor_uni_2009,ug-100-075,0,no fully walkable cell,,,,,,,,,,,,,,
julich_corridor_uni_2009,ug-100-090,0,no fully walkable cell,,,,,,,,,,,,,,
julich_corridor_uni_2009,ug-100-120,1,,16.0,cm,,142.0,42.0,1.85,1.76,0.0,0.0,0.0,0.328,0.09,0.0,0.2
julich_corridor_uni_2009,ug-140-010,0,no fully walkable cell,,,,,,,,,,,,,,
julich_corridor_uni_2009,ug-140-020,0,no fully walkable cell,,,,,,,,,,,,,,
julich_corridor_uni_2009,ug-140-045,1,,16.0,cm,,129.0,176.0,1.55,1.37,0.0,0.0,0.0,0.185,1.41,0.0,0.2
julich_corridor_uni_2009,ug-140-065,1,,16.0,cm,,135.0,207.0,1.25,1.08,0.0,0.0,0.0,0.084,1.07,0.0,0.2
julich_corridor_uni_2009,ug-140-085,1,,16.0,cm,,266.0,300.0,1.3,1.25,0.0,0.0,0.0,0.098,0.57,0.0,0.4
julich_corridor_uni_2009,ug-140-110,0,no fully walkable cell,,,,,,,,,,,,,,
julich_corridor_uni_2009,ug-140-130,1,,16.0,cm,,184.0,192.0,2.1,1.96,2.0,0.0,0.0,0.169,0.85,0.0,0.4
julich_corridor_uni_2009,ug-180-015,0,no fully walkable cell,,,,,,,,,,,,,,
julich_corridor_uni_2009,ug-180-030,1,,16.0,cm,,97.0,88.0,0.9,0.9,0.0,0.0,0.0,0.044,1.07,0.0,0.1
julich_corridor_uni_2009,ug-180-060,3,,16.0,cm,,105.0,160.0,1.75,1.6,0.0,0.0,0.0,0.187,0.81,0.0,0.2
julich_corridor_uni_2009,ug-180-085,5,,16.0,cm,,128.0,159.0,2.05,1.85,3.0,0.0,0.0,0.144,0.58,0.0,0.3
julich_corridor_uni_2009,ug-180-095,5,,16.0,cm,,236.0,364.0,3.2,2.85,406.0,0.0,0.0,0.169,0.45,0.0,0.7
julich_corridor_uni_2009,ug-180-110,5,,16.0,cm,,205.0,195.0,3.1,2.75,194.0,0.0,0.0,0.168,0.44,0.0,0.5
julich_corridor_uni_2009,ug-180-110v2,5,,16.0,cm,,179.0,282.0,2.45,2.3,89.0,0.0,0.0,0.244,0.58,0.0,0.5
julich_corridor_uni_2009,ug-180-140,4,,16.0,cm,,298.0,315.0,3.9,3.75,831.0,0.0,0.0,0.195,0.25,0.0,0.8
julich_corridor_uni_2009,ug-180-230,5,,16.0,cm,,214.0,235.0,4.7,4.5,565.0,132.0,0.0,0.247,0.2,0.0,0.7
julich_corridor_uni_2009,uo-050-180-180,6,,16.0,cm,,61.0,61.0,1.05,0.92,0.0,0.0,0.0,0.103,1.4,0.0,0.2
julich_corridor_uni_2009,uo-060-180-180,7,,16.0,cm,,57.0,66.0,1.1,0.9,0.0,0.0,0.0,0.205,1.43,0.0,0.2
julich_corridor_uni_2009,uo-065-240-240,6,,16.0,cm,,56.0,70.0,1.25,1.01,0.0,0.0,0.0,0.379,1.5,0.0,0.2
julich_corridor_uni_2009,uo-070-180-180,7,,16.0,cm,,81.0,111.0,1.3,1.1,0.0,0.0,0.0,0.11,1.37,0.0,0.3
julich_corridor_uni_2009,uo-080-240-240,6,,16.0,cm,,71.0,118.0,1.3,1.14,0.0,0.0,0.0,0.474,1.41,0.0,0.2
julich_corridor_uni_2009,uo-080-300-300,6,,16.0,cm,,84.0,119.0,1.0,0.85,0.0,0.0,0.0,0.187,1.45,0.0,0.2
julich_corridor_uni_2009,uo-080-300-300v2,6,,16.0,cm,,63.0,105.0,1.25,0.95,0.0,0.0,0.0,0.085,1.51,0.0,0.2
julich_corridor_uni_2009,uo-095-240-240,6,,16.0,cm,,58.0,108.0,1.7,1.48,0.0,0.0,0.0,0.092,1.42,0.0,0.2
julich_corridor_uni_2009,uo-100-180-180,7,,16.0,cm,,59.0,121.0,1.6,1.39,0.0,0.0,0.0,0.108,1.22,0.0,0.2
julich_corridor_uni_2009,uo-100-300-300,6,,16.0,cm,,53.0,100.0,1.15,1.04,0.0,0.0,0.0,0.131,1.47,0.0,0.2
julich_corridor_uni_2009,uo-120-300-300,7,,16.0,cm,,68.0,163.0,1.4,1.2,0.0,0.0,0.0,0.129,1.44,0.0,0.2
julich_corridor_uni_2009,uo-145-180-180,7,,16.0,cm,,76.0,175.0,2.75,2.33,32.0,0.0,0.0,0.141,0.98,0.0,0.3
julich_corridor_uni_2009,uo-145-240-240,7,,16.0,cm,,59.0,155.0,1.65,1.55,0.0,0.0,0.0,0.227,1.3,0.0,0.3
julich_corridor_uni_2009,uo-180-180-070,6,,16.0,cm,,100.0,148.0,3.85,3.5,350.0,0.0,0.0,0.192,0.36,0.0,0.4
julich_corridor_uni_2009,uo-180-180-095,7,,16.0,cm,,100.0,159.0,3.8,3.5,280.0,0.0,0.0,0.179,0.48,0.0,0.4
julich_corridor_uni_2009,uo-180-180-120,7,,16.0,cm,,82.0,170.0,3.3,3.01,147.0,0.0,0.0,0.175,0.68,0.0,0.3
julich_corridor_uni_2009,uo-180-180-180,7,,16.0,cm,,90.0,220.0,2.7,2.3,37.0,0.0,0.0,0.214,0.99,0.0,0.3
julich_corridor_uni_2009,uo-180-300-300,7,,16.0,cm,,61.0,208.0,1.75,1.7,0.0,0.0,0.0,0.126,1.23,0.0,0.3
julich_corridor_uni_2009,uo-190-240-240,7,,16.0,cm,,72.0,218.0,2.3,2.2,37.0,0.0,0.0,0.116,1.01,0.0,0.3
julich_corridor_uni_2009,uo-240-240-100,7,,16.0,cm,,124.0,254.0,4.1,3.85,502.0,4.0,0.0,0.241,0.41,0.0,0.5
julich_corridor_uni_2009,uo-240-240-130,7,,16.0,cm,,100.0,247.0,4.1,3.45,383.0,1.0,0.0,0.207,0.55,0.0,0.5
julich_corridor_uni_2009,uo-240-240-160,7,,16.0,cm,,99.0,276.0,3.6,3.11,319.0,0.0,0.0,0.16,0.67,0.0,0.4
julich_corridor_uni_2009,uo-240-240-240,7,,16.0,cm,,75.0,246.0,2.8,2.69,129.0,0.0,0.0,0.136,0.92,0.0,0.3
julich_corridor_uni_2009,uo-240-300-300,7,,16.0,cm,,70.0,296.0,2.05,1.9,2.0,0.0,0.0,0.144,1.17,0.0,0.3
julich_corridor_uni_2009,uo-300-300-080,6,,16.0,cm,,164.0,270.0,4.35,4.01,694.0,11.0,0.0,0.294,0.26,0.0,0.7
julich_corridor_uni_2009,uo-300-300-120,6,,16.0,cm,,133.0,348.0,3.9,3.6,576.0,0.0,0.0,0.2,0.37,0.0,0.6
julich_corridor_uni_2009,uo-300-300-160,7,,16.0,cm,,98.0,288.0,3.8,3.4,324.0,0.0,0.0,0.173,0.55,0.0,0.5
julich_corridor_uni_2009,uo-300-300-200,7,,16.0,cm,,100.0,351.0,3.3,3.15,361.0,0.0,0.0,0.18,0.62,0.0,0.5
julich_corridor_uni_2009,uo-300-300-300,7,,16.0,cm,,83.0,349.0,2.6,2.4,120.0,0.0,0.0,0.127,0.93,0.0,0.4
julich_corridor_bi_2009,bo-360-050-050,5,,16.0,cm,,61.0,118.0,0.85,0.8,0.0,0.0,0.0,1.777,1.43,0.0,0.2
julich_corridor_bi_2009,bo-360-075-075,6,,16.0,cm,,72.0,136.0,0.9,0.88,0.0,0.0,0.0,1.347,1.44,0.0,0.2
julich_corridor_bi_2009,bo-360-090-090,7,,16.0,cm,,67.0,214.0,1.55,1.35,0.0,0.0,0.0,1.908,1.27,0.0,0.2
julich_corridor_bi_2009,bo-360-120-120,7,,16.0,cm,,84.0,307.0,2.0,1.91,3.0,0.0,0.0,2.232,0.95,0.0,0.4
julich_corridor_bi_2009,bo-360-160-160,8,,16.0,cm,,83.0,309.0,2.75,2.6,126.0,0.0,0.0,2.282,0.82,0.0,0.4
julich_corridor_bi_2009,boa-300-050-070,7,,16.0,cm,,69.0,135.0,1.35,1.15,0.0,0.0,0.0,2.839,1.38,0.0,0.2
julich_corridor_bi_2009,boa-300-050-085,6,,16.0,cm,,64.0,125.0,1.6,1.31,0.0,0.0,0.0,2.226,1.27,0.0,0.2
julich_corridor_bi_2009,boa-300-055-095,6,,16.0,cm,,53.0,128.0,1.45,1.35,0.0,0.0,0.0,2.848,1.35,0.0,0.2
julich_corridor_bi_2009,boa-300-065-105,7,,16.0,cm,,92.0,229.0,2.05,1.8,2.0,0.0,0.0,2.133,1.19,0.0,0.4
julich_corridor_bi_2009,boa-300-080-120,7,,16.0,cm,,74.0,219.0,2.5,2.29,32.0,0.0,0.0,2.265,1.1,0.0,0.3
julich_corridor_bi_2009,boa-300-frei,2,,16.0,cm,,335.0,50.0,0.25,0.25,0.0,0.0,0.0,0.02,1.73,0.0,0.1
julich_corridor_bi_2009,bot-300-050-050,6,,16.0,cm,,69.0,125.0,1.25,0.99,0.0,0.0,0.0,2.144,1.46,0.0,0.2
julich_corridor_bi_2009,bot-300-065-065,7,,16.0,cm,,66.0,147.0,1.35,1.22,0.0,0.0,0.0,2.197,1.37,0.0,0.2
julich_corridor_bi_2009,bot-300-075-075,7,,16.0,cm,,63.0,147.0,1.55,1.38,0.0,0.0,0.0,2.096,1.29,0.0,0.2
julich_corridor_bi_2009,bot-300-085-085,7,,16.0,cm,,74.0,216.0,2.2,2.0,7.0,0.0,0.0,2.217,1.15,0.0,0.3
julich_corridor_bi_2009,bot-300-100-100,7,,16.0,cm,,70.0,230.0,2.55,2.5,73.0,0.0,0.0,1.973,0.96,0.0,0.3
julich_corridor_bi_2009,bot-360-050-050,8,,16.0,cm,,71.0,130.0,0.95,0.9,0.0,0.0,0.0,2.379,1.52,0.0,0.2
julich_corridor_bi_2009,bot-360-075-075,8,,16.0,cm,,55.0,127.0,1.35,1.1,0.0,0.0,0.0,2.151,1.35,0.0,0.2
julich_corridor_bi_2009,bot-360-090-090,8,,16.0,cm,,68.0,212.0,1.6,1.45,0.0,0.0,0.0,1.977,1.23,0.0,0.3
julich_corridor_bi_2009,bot-360-120-120,8,,16.0,cm,,84.0,309.0,2.95,2.51,72.0,0.0,0.0,2.03,0.99,0.0,0.5
julich_corridor_bi_2009,bot-360-120-120v2,8,,16.0,cm,,58.0,221.0,2.4,2.2,21.0,0.0,0.0,2.645,1.06,0.0,0.3
julich_corridor_bi_2009,bot-360-160-160,8,,16.0,cm,,82.0,306.0,3.5,3.12,201.0,0.0,0.0,2.738,0.75,0.0,0.4
julich_corridor_bi_2009,bot-360-200-200,8,,16.0,cm,,79.0,308.0,4.4,4.0,265.0,7.0,0.0,2.599,0.66,0.0,0.5
julich_corridor_bi_2009,bot-360-250-250,8,,16.0,cm,,77.0,304.0,4.15,3.8,269.0,4.0,0.0,2.672,0.62,0.0,0.5
julich_corridor_uni_2013,uni_corr_500_01,14,,16.0,m,,89.0,142.0,1.1,0.85,0.0,0.0,0.0,0.42,1.44,0.003,0.4
julich_corridor_uni_2013,uni_corr_500_02,9,,25.0,m,header fps=25.0 overrides config fps=16,192.0,760.0,1.7,1.44,0.0,0.0,0.0,0.364,1.16,0.0,1.0
julich_corridor_uni_2013,uni_corr_500_03,15,,16.0,m,,167.0,916.0,2.7,2.25,128.0,0.0,0.0,0.327,0.92,0.0,1.2
julich_corridor_uni_2013,uni_corr_500_04,13,,16.0,m,,173.0,909.0,3.55,2.95,703.0,0.0,0.0,0.183,0.64,0.0,1.3
julich_corridor_uni_2013,uni_corr_500_05,10,,16.0,m,,169.0,933.0,3.15,2.9,881.0,0.0,0.0,1.003,0.61,0.0005,1.2
julich_corridor_uni_2013,uni_corr_500_06,16,,16.0,m,,177.0,952.0,3.5,3.15,1148.0,0.0,0.0,0.754,0.57,0.0,1.5
julich_corridor_uni_2013,uni_corr_500_07,11,,16.0,m,,211.0,936.0,4.0,3.5,1590.0,1.0,0.0,0.232,0.42,0.0,1.5
julich_corridor_uni_2013,uni_corr_500_08,13,,16.0,m,,221.0,918.0,5.2,4.45,1671.0,116.0,5.0,1.483,0.51,0.0,1.9
julich_corridor_uni_2013,uni_corr_500_09,9,,16.0,m,,301.0,440.0,5.3,4.8,2031.0,396.0,14.0,0.414,0.14,0.0,1.8
julich_entrance_corridor,entrance_2,3,,25.0,cm,,126.0,123.0,5.65,5.35,378.0,189.0,24.0,0.208,0.13,0.0,0.5
julich_entrance_corridor,entrance_3,1,,25.0,cm,,202.0,156.0,5.25,5.2,202.0,109.0,14.0,0.124,0.11,0.0,0.6
julich_entrance_semicircle,entrance_1,8,,25.0,cm,,119.0,273.0,9.0,8.55,822.0,654.0,586.0,0.277,0.06,0.0,1.4
julich_train_platform,1B050,14,,50.0,m,,282.0,40.0,1.25,1.19,0.0,0.0,0.0,0.384,0.05,0.0,1.4
julich_train_platform,1B060,16,,50.0,m,,357.0,40.0,1.25,1.0,0.0,0.0,0.0,0.169,0.05,0.0,1.7
julich_train_platform,1B070,18,,50.0,m,,325.0,85.0,2.0,1.55,4.0,0.0,0.0,0.331,0.06,0.0,2.7
julich_train_platform,1B080,10,,50.0,m,,246.0,40.0,1.5,1.25,0.0,0.0,0.0,0.24,0.06,0.0,1.1
julich_train_platform,1B090,9,,50.0,m,,374.0,35.0,1.38,1.25,0.0,0.0,0.0,0.269,0.05,0.0,1.5
julich_train_platform,1B100,16,,50.0,m,,398.0,83.0,1.9,1.5,0.0,0.0,0.0,0.306,0.06,0.0,3.0
julich_train_platform,1B110,13,,50.0,m,,361.0,43.0,1.3,1.25,0.0,0.0,0.0,0.188,0.06,0.0,1.7
julich_train_platform,1B120,13,,50.0,m,,432.0,39.0,1.25,1.25,0.0,0.0,0.0,0.316,0.06,0.0,2.0
julich_train_platform,1B130,15,,50.0,m,,555.0,82.0,1.75,1.4,0.0,0.0,0.0,0.353,0.06,0.0,3.7
julich_train_platform,2B050,16,,50.0,m,,279.0,42.0,1.5,1.25,0.0,0.0,0.0,0.263,0.06,0.0,1.3
julich_train_platform,2B060,15,,50.0,m,,449.0,42.0,1.25,1.25,0.0,0.0,0.0,0.303,0.05,0.0,2.4
julich_train_platform,2B070,18,,50.0,m,,569.0,89.0,1.85,1.75,0.0,0.0,0.0,0.453,0.06,0.0,4.9
julich_train_platform,2B080,10,,50.0,m,,326.0,41.0,1.75,1.5,0.0,0.0,0.0,0.314,0.06,0.0,1.4
julich_train_platform,2B090,14,,50.0,m,,429.0,40.0,1.5,1.0,0.0,0.0,0.0,0.32,0.05,0.0,2.0
julich_train_platform,2B100,16,,50.0,m,,620.0,88.0,2.0,1.45,3.0,0.0,0.0,0.337,0.05,0.0,4.8
julich_train_platform,2B110,8,,50.0,m,,321.0,40.0,1.85,1.75,0.0,0.0,0.0,0.277,0.09,0.0,1.3
julich_train_platform,2B120,10,,50.0,m,,454.0,40.0,1.5,1.25,0.0,0.0,0.0,0.23,0.06,0.0,2.0
julich_train_platform,2B130,13,,50.0,m,,515.0,87.0,2.3,1.75,10.0,0.0,0.0,0.337,0.07,0.0,3.5
julich_train_platform,3B050,16,,50.0,m,,332.0,41.0,1.5,1.0,0.0,0.0,0.0,0.259,0.06,0.0,1.6
julich_train_platform,3B060,15,,50.0,m,,463.0,41.0,1.5,1.25,0.0,0.0,0.0,0.797,0.05,0.0,2.4
julich_train_platform,3B070,19,,50.0,m,,729.0,102.0,1.95,1.5,0.0,0.0,0.0,0.463,0.05,0.0,6.1
julich_train_platform,3B080,11,,50.0,m,,302.0,40.0,1.5,1.25,0.0,0.0,0.0,0.353,0.07,0.0,1.2
julich_train_platform,3B090,13,,50.0,m,,410.0,40.0,1.25,1.0,0.0,0.0,0.0,0.232,0.07,0.0,1.7
julich_train_platform,3B100,16,,50.0,m,,644.0,104.0,2.65,2.0,158.0,0.0,0.0,0.435,0.06,0.0,5.3
julich_train_platform,3B110,8,,50.0,m,,322.0,40.0,1.5,1.5,0.0,0.0,0.0,0.24,0.07,0.0,1.1
julich_train_platform,3B120,11,,50.0,m,,431.0,40.0,1.5,1.25,0.0,0.0,0.0,0.208,0.06,0.0,1.8
julich_train_platform,3B130,14,,50.0,m,,640.0,101.0,2.1,1.55,4.0,0.0,0.0,0.497,0.05,0.0,4.6
